data_prev,Tx_Mod,P90cl_Tx_Mod,Tx_Obs,P90cl_Tx_Obs,OC_Mod_Candid,IOC_Mod,OC_Obs_Candid,IOC_Obs
20131101,28.22256,33.4183,24.56229,29.93808,0,0,0,0
20131102,29.21704,31.44449,26.26468,29.56668,0,0,0,0
20131103,32.21896,31.84183,28.78201,31.04578,1,0,0,0
20131104,31.14221,31.14221,28.16952,31.09802,1,0,0,0
20131105,25.30121,30.55637,24.19211,29.25061,0,0,0,0
20131106,27.72806,29.3045,21.7615,26.00964,0,0,0,0
20131107,31.0145,30.82645,21.84848,27.4968,1,0,0,0
20131108,30.40402,31.51755,24.36096,28.68063,0,0,0,0
20131109,28.08392,30.35251,26.1105,29.55286,0,0,0,0
20131110,26.44284,30.67996,27.28186,30.86642,0,0,0,0
20131111,30.11404,30.06638,31.95181,31.76419,1,0,1,0
20131112,30.17718,30.17719,35.89139,33.8436,0,0,1,0
20131113,22.3465,28.76901,26.78299,30.9917,0,0,0,0
20141101,24.20184,33.4183,31.74152,29.93808,0,0,1,0
20141102,24.93143,31.44449,29.56668,29.56668,0,0,1,0
20141103,27.65991,31.84183,29.85736,31.04578,0,0,0,0
20141104,27.93314,31.14221,31.09802,31.09802,0,0,1,1
20141105,26.68424,30.55637,29.25061,29.25061,0,0,1,1
20141106,25.5705,29.3045,26.55344,26.00964,0,0,1,1
20141107,21.66788,30.82645,31.1752,27.4968,0,0,1,1
20141108,23.5914,31.51755,30.06909,28.68063,0,0,1,1
20141109,25.12225,30.35251,25.11374,29.55286,0,0,0,0
20141110,25.45493,30.67996,26.11041,30.86642,0,0,0,0
20141111,25.32611,30.06638,26.46817,31.76419,0,0,0,0
20141112,25.4985,30.17719,29.30283,33.8436,0,0,0,0
20141113,27.3244,28.76901,30.9917,30.9917,0,0,1,0
20141101,33.23471,33.47324,31.74152,29.93808,0,0,1,0
20141102,32.70065,31.72999,29.56668,29.56668,1,0,1,0
20141103,28.21213,29.47561,29.85736,31.04578,0,0,0,0
20141104,26.30252,28.64292,31.09802,31.09802,0,0,1,1
20141105,24.39783,29.11224,29.25061,29.25061,0,0,1,1
20141106,33.46493,34.33541,26.55344,26.00964,0,0,1,1
20141107,24.12418,32.3113,31.1752,27.4968,0,0,1,1
20141108,24.02115,30.50456,30.06909,28.68063,0,0,1,1
20141109,22.87601,30.7088,25.11374,29.55286,0,0,0,0
20141110,22.49332,30.47737,26.11041,30.86642,0,0,0,0
20141111,22.88333,29.84163,26.46817,31.76419,0,0,0,0
20141112,26.92197,30.10089,29.30283,33.8436,0,0,0,0
20141113,23.78467,29.85751,30.9917,30.9917,0,0,1,0
20141114,25.18643,31.11983,24.56561,32.62369,0,0,0,0
20141115,24.43393,30.09393,22.27182,30.92581,0,0,0,0
20141116,27.92362,32.85398,24.52121,33.84396,0,0,0,0
20141117,27.40302,31.40659,24.77332,30.40292,0,0,0,0
20141118,29.07407,31.21523,25.77924,32.42886,0,0,0,0
20141119,27.77622,31.21746,27.97617,30.48514,0,0,0,0
20141120,27.28592,30.502,28.98569,30.51505,0,0,0,0
20141121,28.5864,29.38523,30.41208,30.41208,0,0,1,0
20141122,29.64938,31.82162,32.47794,32.47794,0,0,1,0
20141123,31.9639,32.28058,26.24759,30.41776,0,0,0,0
20141124,29.45999,31.33324,26.4697,26.7998,0,0,0,0
20141125,28.0119,29.71567,29.50491,29.03455,0,0,1,0
20141126,28.02139,28.50792,29.98764,29.98764,0,0,1,0
20141127,29.81439,31.3216,26.20886,29.71011,0,0,0,0
20141128,31.26346,31.45726,25.44894,30.43436,0,0,0,0
20141129,32.12891,32.74563,25.60519,30.60831,0,0,0,0
20141130,31.6243,31.71116,25.83398,30.54123,0,0,0,0
20151101,25.53677,33.4183,28.17426,29.93808,0,0,0,0
20151102,27.6842,31.44449,25.95608,29.56668,0,0,0,0
20151103,28.35098,31.84183,27.22378,31.04578,0,0,0,0
20151104,28.98569,31.14221,27.98801,31.09802,0,0,0,0
20151105,27.64911,30.55637,26.64328,29.25061,0,0,0,0
20151106,27.74179,29.3045,26.00964,26.00964,0,0,1,0
20151107,26.14468,30.82645,24.75418,27.4968,0,0,0,0
20151108,24.00796,31.51755,26.12088,28.68063,0,0,0,0
20151109,22.25632,30.35251,26.9783,29.55286,0,0,0,0
20151110,22.7933,30.67996,28.97665,30.86642,0,0,0,0
20151111,24.96902,30.06638,30.14371,31.76419,0,0,0,0
20151112,25.30032,30.17719,27.38962,33.8436,0,0,0,0
20151113,25.82785,28.76901,27.5416,30.9917,0,0,0,0
20151101,34.02982,33.47324,28.17426,29.93808,1,0,0,0
20151102,29.15295,31.72999,25.95608,29.56668,0,0,0,0
20151103,24.57489,29.47561,27.22378,31.04578,0,0,0,0
20151104,23.15579,28.64292,27.98801,31.09802,0,0,0,0
20151105,25.19742,29.11224,26.64328,29.25061,0,0,0,0
20151106,26.95773,34.33541,26.00964,26.00964,0,0,1,0
20151107,23.87933,32.3113,24.75418,27.4968,0,0,0,0
20151108,28.71161,30.50456,26.12088,28.68063,0,0,0,0
20151109,29.84659,30.7088,26.9783,29.55286,0,0,0,0
20151110,33.12619,30.47737,28.97665,30.86642,1,0,0,0
20151111,29.99069,29.84163,30.14371,31.76419,1,0,0,0
20151112,22.32166,30.10089,27.38962,33.8436,0,0,0,0
20151113,22.55344,29.85751,27.5416,30.9917,0,0,0,0
20151114,22.74527,31.11983,32.62369,32.62369,0,0,1,0
20151115,25.41159,30.09393,27.45194,30.92581,0,0,0,0
20151116,25.1875,32.85398,24.94019,33.84396,0,0,0,0
20151117,23.23151,31.40659,26.16165,30.40292,0,0,0,0
20151118,24.79147,31.21523,29.35837,32.42886,0,0,0,0
20151119,24.76144,31.21746,31.46646,30.48514,0,0,1,0
20151120,28.42612,30.502,31.09326,30.51505,0,0,1,0
20151121,28.83359,29.38523,25.89447,30.41208,0,0,0,0
20151122,25.89258,31.82162,26.56546,32.47794,0,0,0,0
20151123,29.4061,32.28058,24.04404,30.41776,0,0,0,0
20151124,31.31509,31.33324,26.29758,26.7998,0,0,0,0
20151125,28.16306,29.71567,25.88541,29.03455,0,0,0,0
20151126,29.64316,28.50792,26.9285,29.98764,1,0,0,0
20151127,31.68613,31.3216,25.8645,29.71011,1,0,0,0
20151128,23.85803,31.45726,30.39264,30.43436,0,0,0,0
20151129,26.52692,32.74563,28.77359,30.60831,0,0,0,0
20151130,29.77603,31.71116,24.45389,30.54123,0,0,0,0
20161101,28.42032,33.4183,29.93808,29.93808,0,0,1,0
20161102,23.62418,31.44449,31.97385,29.56668,0,0,1,0
20161103,22.58618,31.84183,30.17822,31.04578,0,0,0,0
20161104,27.63577,31.14221,23.18973,31.09802,0,0,0,0
20161105,31.61478,30.55637,22.69159,29.25061,1,0,0,0
20161106,27.59836,29.3045,25.5499,26.00964,0,0,0,0
20161107,23.98868,30.82645,27.4968,27.4968,0,0,1,0
20161108,24.91855,31.51755,28.13089,28.68063,0,0,0,0
20161109,27.29288,30.35251,29.55286,29.55286,0,0,1,0
20161110,30.67996,30.67996,31.87833,30.86642,1,0,1,0
20161111,25.76361,30.06638,28.52072,31.76419,0,0,0,0
20161112,28.94138,30.17719,25.61124,33.8436,0,0,0,0
20161113,33.93503,28.76901,23.11578,30.9917,1,1,0,0
20171101,32.57016,33.4183,23.9693,29.93808,0,0,0,0
20171102,30.21109,31.44449,25.19766,29.56668,0,0,0,0
20171103,27.82138,31.84183,29.04556,31.04578,0,0,0,0
20171104,27.73856,31.14221,32.06049,31.09802,0,0,1,0
20171105,28.18784,30.55637,27.93744,29.25061,0,0,0,0
20171106,29.3045,29.3045,23.09537,26.00964,1,0,0,0
20171107,29.33096,30.82645,23.85199,27.4968,0,0,0,0
20171108,29.28665,31.51755,25.66211,28.68063,0,0,0,0
20171109,29.89316,30.35251,27.28775,29.55286,0,0,0,0
20171110,29.42673,30.67996,30.86642,30.86642,0,0,1,0
20171111,28.3411,30.06638,27.39511,31.76419,0,0,0,0
20171112,27.99423,30.17719,29.17026,33.8436,0,0,0,0
20171113,28.42111,28.76901,26.99985,30.9917,0,0,0,0
20181101,23.54971,33.4183,28.37338,29.93808,0,0,0,0
20181102,24.59033,31.44449,25.47214,29.56668,0,0,0,0
20181103,26.5593,31.84183,31.55899,31.04578,0,0,1,0
20181104,25.84906,31.14221,26.01798,31.09802,0,0,0,0
20181105,27.10294,30.55637,22.95392,29.25061,0,0,0,0
20181106,28.7471,29.3045,24.56278,26.00964,0,0,0,0
20181107,29.72586,30.82645,26.35538,27.4968,0,0,0,0
20181108,23.64362,31.51755,23.23712,28.68063,0,0,0,0
20181109,24.98538,30.35251,23.26553,29.55286,0,0,0,0
20181110,26.42224,30.67996,26.71726,30.86642,0,0,0,0
20181111,26.39035,30.06638,27.55688,31.76419,0,0,0,0
20181112,25.53043,30.17719,27.61887,33.8436,0,0,0,0
20181113,24.16647,28.76901,29.53989,30.9917,0,0,0,0
20181101,29.24753,33.47324,28.37338,29.93808,0,0,0,0
20181102,26.0423,31.72999,25.47214,29.56668,0,0,0,0
20181103,22.60556,29.47561,31.55899,31.04578,0,0,1,0
20181104,22.60336,28.64292,26.01798,31.09802,0,0,0,0
20181105,24.35294,29.11224,22.95392,29.25061,0,0,0,0
20181106,24.3396,34.33541,24.56278,26.00964,0,0,0,0
20181107,25.92938,32.3113,26.35538,27.4968,0,0,0,0
20181108,24.99643,30.50456,23.23712,28.68063,0,0,0,0
20181109,26.1824,30.7088,23.26553,29.55286,0,0,0,0
20181110,25.1651,30.47737,26.71726,30.86642,0,0,0,0
20181111,23.07559,29.84163,27.55688,31.76419,0,0,0,0
20181112,23.87436,30.10089,27.61887,33.8436,0,0,0,0
20181113,24.05798,29.85751,29.53989,30.9917,0,0,0,0
20181114,23.7749,31.11983,31.88132,32.62369,0,0,0,0
20181115,25.32495,30.09393,30.92581,30.92581,0,0,1,0
20181116,26.14923,32.85398,25.37735,33.84396,0,0,0,0
20181117,26.55356,31.40659,25.84299,30.40292,0,0,0,0
20181118,28.59857,31.21523,32.4205,32.42886,0,0,0,0
20181119,28.25626,31.21746,27.9932,30.48514,0,0,0,0
20181120,30.30984,30.502,21.80319,30.51505,0,0,0,0
20181121,26.03162,29.38523,23.0914,30.41208,0,0,0,0
20181122,26.20254,31.82162,29.04514,32.47794,0,0,0,0
20181123,26.09836,32.28058,30.41776,30.41776,0,0,1,0
20181124,25.03357,31.33324,28.87186,26.7998,0,0,1,0
20181125,28.43344,29.71567,28.18924,29.03455,0,0,0,0
20181126,26.15433,28.50792,24.87143,29.98764,0,0,0,0
20181127,31.16538,31.3216,24.70499,29.71011,0,0,0,0
20181128,31.90945,31.45726,26.66495,30.43436,1,1,0,0
20181129,34.18466,32.74563,28.41913,30.60831,1,1,0,0
20181130,31.73489,31.71116,29.69699,30.54123,1,1,0,0
20191101,26.68124,33.4183,27.5304,29.93808,0,0,0,0
20191102,24.6171,31.44449,28.18356,29.56668,0,0,0,0
20191103,26.20816,31.84183,31.04578,31.04578,0,0,1,0
20191104,25.6142,31.14221,29.22519,31.09802,0,0,0,0
20191105,26.30698,30.55637,34.5018,29.25061,0,0,1,0
20191106,26.84543,29.3045,25.62125,26.00964,0,0,0,0
20191107,26.93124,30.82645,25.23669,27.4968,0,0,0,0
20191108,26.9805,31.51755,26.22717,28.68063,0,0,0,0
20191109,26.17087,30.35251,25.83777,29.55286,0,0,0,0
20191110,26.2067,30.67996,26.81979,30.86642,0,0,0,0
20191111,25.7608,30.06638,25.26077,31.76419,0,0,0,0
20191112,25.44492,30.17719,23.94101,33.8436,0,0,0,0
20191113,24.63004,28.76901,25.35959,30.9917,0,0,0,0
20191101,29.79681,33.47324,27.5304,29.93808,0,0,0,0
20191102,26.06674,31.72999,28.18356,29.56668,0,0,0,0
20191103,25.2442,29.47561,31.04578,31.04578,0,0,1,0
20191104,25.65927,28.64292,29.22519,31.09802,0,0,0,0
20191105,29.03064,29.11224,34.5018,29.25061,0,0,1,0
20191106,28.36691,34.33541,25.62125,26.00964,0,0,0,0
20191107,28.60657,32.3113,25.23669,27.4968,0,0,0,0
20191108,32.87067,30.50456,26.22717,28.68063,1,0,0,0
20191109,29.42877,30.7088,25.83777,29.55286,0,0,0,0
20191110,29.34216,30.47737,26.81979,30.86642,0,0,0,0
20191111,27.7966,29.84163,25.26077,31.76419,0,0,0,0
20191112,28.97287,30.10089,23.94101,33.8436,0,0,0,0
20191113,28.99179,29.85751,25.35959,30.9917,0,0,0,0
20191114,26.51938,31.11983,24.9783,32.62369,0,0,0,0
20191115,26.92166,30.09393,26.36282,30.92581,0,0,0,0
20191116,31.84024,32.85398,24.99362,33.84396,0,0,0,0
20191117,32.34866,31.40659,24.50168,30.40292,1,0,0,0
20191118,32.08737,31.21523,23.65439,32.42886,1,0,0,0
20191119,30.67618,31.21746,23.75314,30.48514,0,0,0,0
20191120,28.50738,30.502,24.06677,30.51505,0,0,0,0
20191121,30.67239,29.38523,26.86551,30.41208,1,0,0,0
20191122,31.57687,31.82162,29.44684,32.47794,0,0,0,0
20191123,24.56278,32.28058,29.05005,30.41776,0,0,0,0
20191124,25.19339,31.33324,23.10971,26.7998,0,0,0,0
20191125,25.83054,29.71567,23.8176,29.03455,0,0,0,0
20191126,26.08029,28.50792,25.41244,29.98764,0,0,0,0
20191127,27.10629,31.3216,29.59964,29.71011,0,0,0,0
20191128,24.34183,31.45726,24.21646,30.43436,0,0,0,0
20191129,28.29813,32.74563,23.23929,30.60831,0,0,0,0
20191130,29.14243,31.71116,26.55081,30.54123,0,0,0,0
20201101,29.50211,33.4183,21.71732,29.93808,0,0,0,0
20201102,31.74857,31.44449,22.48825,29.56668,1,0,0,0
20201103,26.14792,31.84183,23.74222,31.04578,0,0,0,0
20201104,28.54489,31.14221,23.55045,31.09802,0,0,0,0
20201105,30.55637,30.55637,22.86292,29.25061,1,0,0,0
20201106,26.37796,29.3045,23.39615,26.00964,0,0,0,0
20201107,23.2468,30.82645,24.14468,27.4968,0,0,0,0
20201108,20.29532,31.51755,24.79904,28.68063,0,0,0,0
20201109,20.37686,30.35251,26.25888,29.55286,0,0,0,0
20201110,22.81357,30.67996,25.39548,30.86642,0,0,0,0
20201111,23.17014,30.06638,25.77866,31.76419,0,0,0,0
20201112,23.96579,30.17719,26.64499,33.8436,0,0,0,0
20201113,22.8511,28.76901,26.23117,30.9917,0,0,0,0
20201101,31.25821,33.47324,21.71732,29.93808,0,0,0,0
20201102,31.314,31.72999,22.48825,29.56668,0,0,0,0
20201103,32.42374,29.47561,23.74222,31.04578,1,1,0,0
20201104,29.0538,28.64292,23.55045,31.09802,1,1,0,0
20201105,29.30264,29.11224,22.86292,29.25061,1,1,0,0
20201106,36.36652,34.33541,23.39615,26.00964,1,1,0,0
20201107,31.77103,32.3113,24.14468,27.4968,0,0,0,0
20201108,25.88727,30.50456,24.79904,28.68063,0,0,0,0
20201109,26.00873,30.7088,26.25888,29.55286,0,0,0,0
20201110,26.95731,30.47737,25.39548,30.86642,0,0,0,0
20201111,25.83743,29.84163,25.77866,31.76419,0,0,0,0
20201112,26.16214,30.10089,26.64499,33.8436,0,0,0,0
20201113,27.8157,29.85751,26.23117,30.9917,0,0,0,0
20201114,28.55167,31.11983,26.82053,32.62369,0,0,0,0
20201115,26.604,30.09393,29.11163,30.92581,0,0,0,0
20201116,25.96368,32.85398,29.79916,33.84396,0,0,0,0
20201117,26.16965,31.40659,28.29092,30.40292,0,0,0,0
20201118,28.19089,31.21523,24.61661,32.42886,0,0,0,0
20201119,32.48044,31.21746,25.29718,30.48514,1,0,0,0
20201120,30.95038,30.502,22.93491,30.51505,1,0,0,0
20201121,25.45853,29.38523,24.52005,30.41208,0,0,0,0
20201122,32.3927,31.82162,24.8721,32.47794,1,0,0,0
20201123,27.6088,32.28058,25.84811,30.41776,0,0,0,0
20201124,23.46353,31.33324,26.7998,26.7998,0,0,1,0
20201125,24.68976,29.71567,27.46884,29.03455,0,0,0,0
20201126,27.5098,28.50792,30.75229,29.98764,0,0,1,0
20201127,27.74692,31.3216,29.71011,29.71011,0,0,1,0
20201128,28.40402,31.45726,28.93063,30.43436,0,0,0,0
20201129,28.64429,32.74563,30.60831,30.60831,0,0,1,0
20201130,30.81354,31.71116,30.82224,30.54123,0,0,1,0
20211101,33.4183,33.4183,21.97769,29.93808,1,0,0,0
20211102,28.09796,31.44449,24.36185,29.56668,0,0,0,0
20211103,22.15695,31.84183,24.3439,31.04578,0,0,0,0
20211104,21.73456,31.14221,24.30502,31.09802,0,0,0,0
20211105,24.55139,30.55637,25.00244,29.25061,0,0,0,0
20211106,25.67825,29.3045,24.4454,26.00964,0,0,0,0
20211107,28.74652,30.82645,24.66867,27.4968,0,0,0,0
20211108,32.47574,31.51755,24.86661,28.68063,1,0,0,0
20211109,28.98999,30.35251,23.29129,29.55286,0,0,0,0
20211110,27.73914,30.67996,23.33743,30.86642,0,0,0,0
20211111,30.06638,30.06638,22.87152,31.76419,1,0,0,0
20211112,34.86435,30.17719,21.2012,33.8436,1,0,0,0
20211113,20.52353,28.76901,21.8038,30.9917,0,0,0,0
20211101,24.43958,33.47324,21.97769,29.93808,0,0,0,0
20211102,25.92136,31.72999,24.36185,29.56668,0,0,0,0
20211103,25.27078,29.47561,24.3439,31.04578,0,0,0,0
20211104,23.85684,28.64292,24.30502,31.09802,0,0,0,0
20211105,21.2337,29.11224,25.00244,29.25061,0,0,0,0
20211106,22.07715,34.33541,24.4454,26.00964,0,0,0,0
20211107,24.81317,32.3113,24.66867,27.4968,0,0,0,0
20211108,24.53284,30.50456,24.86661,28.68063,0,0,0,0
20211109,24.56918,30.7088,23.29129,29.55286,0,0,0,0
20211110,26.28601,30.47737,23.33743,30.86642,0,0,0,0
20211111,26.25095,29.84163,22.87152,31.76419,0,0,0,0
20211112,26.48639,30.10089,21.2012,33.8436,0,0,0,0
20211113,28.90567,29.85751,21.8038,30.9917,0,0,0,0
20211114,32.53934,31.11983,24.34421,32.62369,1,1,0,0
20211115,30.33353,30.09393,25.77682,30.92581,1,1,0,0
20211116,33.1431,32.85398,27.16119,33.84396,1,1,0,0
20211117,29.13727,31.40659,29.04703,30.40292,0,0,0,0
20211118,24.15128,31.21523,29.14801,32.42886,0,0,0,0
20211119,26.45682,31.21746,24.44589,30.48514,0,0,0,0
20211120,27.97833,30.502,23.30704,30.51505,0,0,0,0
20211121,24.45932,29.38523,23.0145,30.41208,0,0,0,0
20211122,22.45535,31.82162,24.6135,32.47794,0,0,0,0
20211123,23.35428,32.28058,28.29504,30.41776,0,0,0,0
20211124,26.72031,31.33324,25.6124,26.7998,0,0,0,0
20211125,27.36435,29.71567,27.0986,29.03455,0,0,0,0
20211126,27.815,28.50792,29.96683,29.98764,0,0,0,0
20211127,29.02908,31.3216,30.53412,29.71011,0,0,1,0
20211128,29.84686,31.45726,26.96988,30.43436,0,0,0,0
20211129,30.77414,32.74563,31.2507,30.60831,0,0,1,0
20211130,31.70099,31.71116,27.4039,30.54123,0,0,0,0
20221101,25.23288,33.4183,24.4585,29.93808,0,0,0,0
20221102,25.02982,31.44449,21.15585,29.56668,0,0,0,0
20221103,23.86145,31.84183,20.62033,31.04578,0,0,0,0
20221104,23.30362,31.14221,21.92838,31.09802,0,0,0,0
20221105,24.27347,30.55637,23.45435,29.25061,0,0,0,0
20221106,26.86011,29.3045,23.70398,26.00964,0,0,0,0
20221107,30.12085,30.82645,21.6279,27.4968,0,0,0,0
20221108,31.51755,31.51755,21.60638,28.68063,1,0,0,0
20221109,34.15964,30.35251,25.77154,29.55286,1,0,0,0
20221110,25.25781,30.67996,26.01187,30.86642,0,0,0,0
20221111,23.99753,30.06638,26.72543,31.76419,0,0,0,0
20221112,26.09244,30.17719,27.57748,33.8436,0,0,0,0
20221113,27.49109,28.76901,27.25821,30.9917,0,0,0,0
20221101,29.40189,33.47324,24.4585,29.93808,0,0,0,0
20221102,26.80008,31.72999,21.15585,29.56668,0,0,0,0
20221103,25.32932,29.47561,20.62033,31.04578,0,0,0,0
20221104,28.46683,28.64292,21.92838,31.09802,0,0,0,0
20221105,25.92114,29.11224,23.45435,29.25061,0,0,0,0
20221106,21.76886,34.33541,23.70398,26.00964,0,0,0,0
20221107,24.79633,32.3113,21.6279,27.4968,0,0,0,0
20221108,26.84116,30.50456,21.60638,28.68063,0,0,0,0
20221109,26.7265,30.7088,25.77154,29.55286,0,0,0,0
20221110,25.77145,30.47737,26.01187,30.86642,0,0,0,0
20221111,24.97668,29.84163,26.72543,31.76419,0,0,0,0
20221112,26.20041,30.10089,27.57748,33.8436,0,0,0,0
20221113,25.0145,29.85751,27.25821,30.9917,0,0,0,0
20221114,22.95157,31.11983,30.38608,32.62369,0,0,0,0
20221115,21.45447,30.09393,30.87387,30.92581,0,0,0,0
20221116,25.97891,32.85398,25.79858,33.84396,0,0,0,0
20221117,26.59906,31.40659,26.42041,30.40292,0,0,0,0
20221118,28.97653,31.21523,25.27725,32.42886,0,0,0,0
20221119,29.03934,31.21746,25.6329,30.48514,0,0,0,0
20221120,30.11398,30.502,27.72415,30.51505,0,0,0,0
20221121,28.48026,29.38523,29.18778,30.41208,0,0,0,0
20221122,27.42767,31.82162,29.89426,32.47794,0,0,0,0
20221123,33.0195,32.28058,30.16318,30.41776,1,0,0,0
20221124,30.60684,31.33324,25.64981,26.7998,0,0,0,0
20221125,26.52441,29.71567,25.69604,29.03455,0,0,0,0
20221126,23.95853,28.50792,25.70084,29.98764,0,0,0,0
20221127,23.63156,31.3216,26.33365,29.71011,0,0,0,0
20221128,23.16672,31.45726,26.49286,30.43436,0,0,0,0
20221129,23.6478,32.74563,27.7641,30.60831,0,0,0,0
20221130,28.44678,31.71116,27.85306,30.54123,0,0,0,0
20231101,35.85953,33.4183,25.77786,29.93808,1,1,0,0
20231102,31.44449,31.44449,25.17676,29.56668,1,1,0,0
20231103,31.84183,31.84183,31.01016,31.04578,1,1,0,0
20231104,31.48135,31.14221,25.76388,31.09802,1,1,0,0
20231105,30.29105,30.55637,25.1459,29.25061,0,0,0,0
20231106,32.20444,29.3045,24.52847,26.00964,1,0,0,0
20231107,30.82645,30.82645,24.93695,27.4968,1,0,0,0
20231108,29.44546,31.51755,28.68063,28.68063,0,0,1,0
20231109,30.35251,30.35251,32.98959,29.55286,1,0,1,0
20231110,31.38004,30.67996,28.8013,30.86642,1,0,0,0
20231101,28.19183,33.47324,25.77786,29.93808,0,0,0,0
20231102,29.60165,31.72999,25.17676,29.56668,0,0,0,0
20231103,28.15128,29.47561,31.01016,31.04578,0,0,0,0
20231104,26.57767,28.64292,25.76388,31.09802,0,0,0,0
20231105,27.5499,29.11224,25.1459,29.25061,0,0,0,0
20231106,32.38785,34.33541,24.52847,26.00964,0,0,0,0
20231107,33.57193,32.3113,24.93695,27.4968,1,0,0,0
20231108,29.49051,30.50456,28.68063,28.68063,0,0,1,0
20231109,32.72061,30.7088,32.98959,29.55286,1,0,1,0
20231110,26.23325,30.47737,28.8013,30.86642,0,0,0,0
20231120,25.5365,30.502,24.91678,30.51505,0,0,0,0
20231121,24.63098,29.38523,29.22922,30.41208,0,0,0,0
20231122,24.5343,31.82162,33.2482,32.47794,0,0,1,0
20231123,28.88971,32.28058,31.71185,30.41776,0,0,1,0
20231124,31.37558,31.33324,25.95166,26.7998,1,0,0,0
20231125,32.70755,29.71567,25.17966,29.03455,1,0,0,0
20231126,27.02643,28.50792,25.6304,29.98764,0,0,0,0
20231127,30.20328,31.3216,27.77002,29.71011,0,0,0,0
20231128,30.92252,31.45726,30.23868,30.43436,0,0,0,0
20231129,29.13434,32.74563,28.8501,30.60831,0,0,0,0
20231130,27.95792,31.71116,30.54123,30.54123,0,0,1,0
